guide,total_hits,on_target_hits,off_target_hits,best_mismatches
CCTGAAGGGATACCAACCCGCGG,0,0,0,-1
GATAAACAATCGTCATCCTCTGG,0,0,0,-1
GATACCAACCCGCGGGGTCAGGG,0,0,0,-1
TGAAGGGATACCAACCCGCGGGG,0,0,0,-1
TGAACCAGACCACGGCCCGTTGG,2,2,0,0
GCATCCAATCCCGTGGAGGTTGG,2,2,0,0
ATTCCCGTTTGCTTAAGTGCTGG,0,0,0,-1
GGATACCAACCCGCGGGGTCAGG,0,0,0,-1
CTGAAGGGATACCAACCCGCGGG,0,0,0,-1
ACCATGTCTCGCCGCAAGCAAGG,2,2,0,0
TGTTTATCAACGTCATCTAGAGG,2,2,0,0
TGCTTGCGGCGAGACATGGTGGG,0,0,0,-1
GCCTTGCTTGCGGCGAGACATGG,0,0,0,-1
GTTGGTATCCCTTCAGGACTAGG,2,2,0,0
TTCCCGTTTGCTTAAGTGCTGGG,0,0,0,-1
ATACCAACCCGCGGGGTCAGGGG,0,0,0,-1
GATGCTTTTTTCATCTCGATTGG,0,0,0,-1
AAAAGCATCCAATCCCGTGGAGG,2,2,0,0
ACGGAAGTCCCCTGACCCCGCGG,2,2,0,0
TGGCATCCAGGTCACGCCAGAGG,2,2,0,0
TTTTCATCTCGATTGGTGAAGGG,0,0,0,-1
CGTCATCCTCTGGCGTGACCTGG,0,0,0,-1
TCCCGTTTGCTTAAGTGCTGGGG,0,0,0,-1
GAAAAAAGCATCCAATCCCGTGG,2,2,0,0
ATCTCGATTGGTGAAGGGGAAGG,0,0,0,-1
ACCCCAGCACTTAAGCAAACGGG,2,2,0,0
GCTCCCAACGGGCCGTGGTCTGG,0,0,0,-1
CCCCCAATGGGAAGTTCATCTGG,0,0,0,-1
GATGCCAACCTCCACGGGATTGG,0,0,0,-1
ACCTGGATGCCAACCTCCACGGG,0,0,0,-1
TTTTTCATCTCGATTGGTGAAGG,0,0,0,-1
GCGAGACATGGTGGGCTGCGGGG,0,0,0,-1
TTTCATCTCGATTGGTGAAGGGG,0,0,0,-1
GCCCGTTGGGAGCTCCAGAAGGG,2,2,0,0
TTGCAAGAGAAACCATGCACTGG,0,0,0,-1
GGCCCGTTGGGAGCTCCAGAAGG,2,2,0,0
GTTGTACATGTGTAGCTGCTGGG,0,0,0,-1
TCAAGAGGCTCGGCTGTGGTTGG,0,0,0,-1
TCCCGTGGAGGTTGGCATCCAGG,2,2,0,0
AGGAGGTCATGATCCCCTTCTGG,0,0,0,-1
ATCATGACCTCCTCACCTGTGGG,2,2,0,0
GTGCCAGATGAACTTCCCATTGG,2,2,0,0
CTGGAGCTCCCAACGGGCCGTGG,0,0,0,-1
AACAGCCATTCACCAGTGCATGG,2,2,0,0
ATCTACTTAGAAAGCGAACACGG,2,2,0,0
CGGAAGTCCCCTGACCCCGCGGG,2,2,0,0
GGCTTCAAGAGGCTCGGCTGTGG,0,0,0,-1
TTATTTTTATCGAGCACAAACGG,2,2,0,0
CGGCGAGACATGGTGGGCTGCGG,0,0,0,-1
GAACCAGACCACGGCCCGTTGGG,2,2,0,0
CCACAGCTTTTTCTAAGCAGAGG,0,0,0,-1
TCCCCTTCTGGAGCTCCCAACGG,0,0,0,-1
CCCCTTCTGGAGCTCCCAACGGG,0,0,0,-1
ACCTGCTATGTGTTCCTGTTTGG,0,0,0,-1
TCTGGCACTGCCCACAGGTGAGG,0,0,0,-1
TTGCTTGCGGCGAGACATGGTGG,0,0,0,-1
AGTTGTACATGTGTAGCTGCTGG,0,0,0,-1
GCCAGATGAACTTCCCATTGGGG,2,2,0,0
GTTCATCTGGCACTGCCCACAGG,0,0,0,-1
TCTGTAAGAATGGCTTCAAGAGG,0,0,0,-1
CACAAACGGAAACAATGCAATGG,2,2,0,0
TCGATTGGTGAAGGGGAAGGTGG,0,0,0,-1
CTGCTATGTGTTCCTGTTTGGGG,0,0,0,-1
CAACACGCACAGAACACTCATGG,2,2,0,0
AAATAAGAATGTCCCCCAATGGG,0,0,0,-1
AACCCCAGCACTTAAGCAAACGG,2,2,0,0
CCTGCTATGTGTTCCTGTTTGGG,0,0,0,-1
GACCTGGATGCCAACCTCCACGG,0,0,0,-1
AGTCCCCTGACCCCGCGGGTTGG,2,2,0,0
TAGAGGAATTTGCCCCAAACAGG,2,2,0,0
TGCCAGATGAACTTCCCATTGGG,2,2,0,0
ACAGATGATGAACCAGACCACGG,2,2,0,0
GGCGAGACATGGTGGGCTGCGGG,0,0,0,-1
AGAAACCATGCACTGGTGAATGG,0,0,0,-1
TTGGTGTTGTATTATTTTGCAGG,2,2,0,0
GGCACTGCCCACAGGTGAGGAGG,0,0,0,-1
GCTGGGGTTTGCCTTGCTTGCGG,0,0,0,-1
AAAATAAGAATGTCCCCCAATGG,0,0,0,-1
GACATGGTGGGCTGCGGGGCGGG,0,0,0,-1
TAGCAGGTAAATGAGAAGCAAGG,2,2,0,0
AGACATGGTGGGCTGCGGGGCGG,0,0,0,-1
GATCATGACCTCCTCACCTGTGG,2,2,0,0
ATGGTGGGCTGCGGGGCGGGCGG,0,0,0,-1
TGGTTCATCATCTGTAAGAATGG,0,0,0,-1
AAGAATGGCTTCAAGAGGCTCGG,0,0,0,-1
