guide	total_hits	off_target_hits	GC_content_percent	pam_distance_from_BCL11A_start	self_complementarity_score
CCTGAAGGGATACCAACCCGCGG	0	0	60.00	20	0
GATAAACAATCGTCATCCTCTGG	0	0	40.00	83770	0
GATACCAACCCGCGGGGTCAGGG	0	0	65.00	28	1
TGAAGGGATACCAACCCGCGGGG	0	0	60.00	22	0
TGAACCAGACCACGGCCCGTTGG	2	0	65.00	84002	1
GCATCCAATCCCGTGGAGGTTGG	2	0	60.00	83806	3
ATTCCCGTTTGCTTAAGTGCTGG	0	0	45.00	90977	0
GGATACCAACCCGCGGGGTCAGG	0	0	70.00	27	1
CTGAAGGGATACCAACCCGCGGG	0	0	60.00	21	0
ACCATGTCTCGCCGCAAGCAAGG	2	0	60.00	91006	0
TGTTTATCAACGTCATCTAGAGG	2	0	35.00	83755	1
TGCTTGCGGCGAGACATGGTGGG	0	0	60.00	91009	0
GCCTTGCTTGCGGCGAGACATGG	0	0	65.00	91005	1
GTTGGTATCCCTTCAGGACTAGG	2	0	50.00	14	1
TTCCCGTTTGCTTAAGTGCTGGG	0	0	45.00	90978	0
ATACCAACCCGCGGGGTCAGGGG	0	0	65.00	29	1
GATGCTTTTTTCATCTCGATTGG	0	0	35.00	83824	1
AAAAGCATCCAATCCCGTGGAGG	2	0	50.00	83810	2
ACGGAAGTCCCCTGACCCCGCGG	2	0	70.00	37	2
TGGCATCCAGGTCACGCCAGAGG	2	0	65.00	83786	0
TTTTCATCTCGATTGGTGAAGGG	0	0	35.00	83831	0
CGTCATCCTCTGGCGTGACCTGG	0	0	65.00	83780	1
TCCCGTTTGCTTAAGTGCTGGGG	0	0	50.00	90979	0
GAAAAAAGCATCCAATCCCGTGG	2	0	45.00	83813	1
ATCTCGATTGGTGAAGGGGAAGG	0	0	50.00	83836	0
ACCCCAGCACTTAAGCAAACGGG	2	0	50.00	90980	0
GCTCCCAACGGGCCGTGGTCTGG	0	0	75.00	83998	1
CCCCCAATGGGAAGTTCATCTGG	0	0	55.00	83936	1
GATGCCAACCTCCACGGGATTGG	0	0	60.00	83802	1
ACCTGGATGCCAACCTCCACGGG	0	0	60.00	83797	1
TTTTTCATCTCGATTGGTGAAGG	0	0	35.00	83830	0
GCGAGACATGGTGGGCTGCGGGG	0	0	70.00	91017	0
TTTCATCTCGATTGGTGAAGGGG	0	0	40.00	83832	0
GCCCGTTGGGAGCTCCAGAAGGG	2	0	65.00	83988	0
TTGCAAGAGAAACCATGCACTGG	0	0	45.00	106	1
GGCCCGTTGGGAGCTCCAGAAGG	2	0	70.00	83989	0
GTTGTACATGTGTAGCTGCTGGG	0	0	45.00	146	1
TCAAGAGGCTCGGCTGTGGTTGG	0	0	60.00	84043	0
TCCCGTGGAGGTTGGCATCCAGG	2	0	65.00	83798	1
AGGAGGTCATGATCCCCTTCTGG	0	0	55.00	83974	0
ATCATGACCTCCTCACCTGTGGG	2	0	50.00	83964	0
GTGCCAGATGAACTTCCCATTGG	2	0	50.00	83939	0
CTGGAGCTCCCAACGGGCCGTGG	0	0	75.00	83993	1
AACAGCCATTCACCAGTGCATGG	2	0	50.00	118	1
ATCTACTTAGAAAGCGAACACGG	2	0	35.00	56	0
CGGAAGTCCCCTGACCCCGCGGG	2	0	75.00	36	2
GGCTTCAAGAGGCTCGGCTGTGG	0	0	65.00	84039	0
TTATTTTTATCGAGCACAAACGG	2	0	25.00	83907	0
CGGCGAGACATGGTGGGCTGCGG	0	0	70.00	91015	0
GAACCAGACCACGGCCCGTTGGG	2	0	65.00	84001	1
CCACAGCTTTTTCTAAGCAGAGG	0	0	45.00	83867	1
TCCCCTTCTGGAGCTCCCAACGG	0	0	60.00	83986	0
CCCCTTCTGGAGCTCCCAACGGG	0	0	65.00	83987	0
ACCTGCTATGTGTTCCTGTTTGG	0	0	45.00	83724	0
TCTGGCACTGCCCACAGGTGAGG	0	0	65.00	83954	1
TTGCTTGCGGCGAGACATGGTGG	0	0	60.00	91008	0
AGTTGTACATGTGTAGCTGCTGG	0	0	45.00	145	1
GCCAGATGAACTTCCCATTGGGG	2	0	50.00	83937	1
GTTCATCTGGCACTGCCCACAGG	0	0	60.00	83949	1
TCTGTAAGAATGGCTTCAAGAGG	0	0	40.00	84028	0
CACAAACGGAAACAATGCAATGG	2	0	40.00	83893	0
TCGATTGGTGAAGGGGAAGGTGG	0	0	55.00	83839	0
CTGCTATGTGTTCCTGTTTGGGG	0	0	45.00	83726	0
CAACACGCACAGAACACTCATGG	2	0	50.00	86	0
AAATAAGAATGTCCCCCAATGGG	0	0	35.00	83924	0
AACCCCAGCACTTAAGCAAACGG	2	0	45.00	90981	0
CCTGCTATGTGTTCCTGTTTGGG	0	0	45.00	83725	0
GACCTGGATGCCAACCTCCACGG	0	0	60.00	83796	1
AGTCCCCTGACCCCGCGGGTTGG	2	0	75.00	32	1
TAGAGGAATTTGCCCCAAACAGG	2	0	45.00	83738	0
TGCCAGATGAACTTCCCATTGGG	2	0	45.00	83938	1
ACAGATGATGAACCAGACCACGG	2	0	45.00	84010	0
GGCGAGACATGGTGGGCTGCGGG	0	0	70.00	91016	0
AGAAACCATGCACTGGTGAATGG	0	0	45.00	113	1
TTGGTGTTGTATTATTTTGCAGG	2	0	30.00	179	0
GGCACTGCCCACAGGTGAGGAGG	0	0	70.00	83957	1
GCTGGGGTTTGCCTTGCTTGCGG	0	0	60.00	90995	1
AAAATAAGAATGTCCCCCAATGG	0	0	35.00	83923	0
GACATGGTGGGCTGCGGGGCGGG	0	0	75.00	91021	0
TAGCAGGTAAATGAGAAGCAAGG	2	0	40.00	83709	0
AGACATGGTGGGCTGCGGGGCGG	0	0	70.00	91020	0
GATCATGACCTCCTCACCTGTGG	2	0	55.00	83965	0
ATGGTGGGCTGCGGGGCGGGCGG	0	0	80.00	91024	0
TGGTTCATCATCTGTAAGAATGG	0	0	35.00	84018	0
AAGAATGGCTTCAAGAGGCTCGG	0	0	45.00	84033	0
