Rank	Target sequence	Genomic location	Strand	GC content (%)	Self-complementarity	MM0	MM1	MM2	MM3	Efficiency
1	CCTGAAGGGATACCAACCCGCGG	chr2:60462265	+	60	0	0	0	0	1	76.99
2	GATAAACAATCGTCATCCTCTGG	chr2:60546015	+	40	0	0	0	0	1	55.03
3	GATACCAACCCGCGGGGTCAGGG	chr2:60462273	+	65	1	0	0	0	1	53.70
4	TGAAGGGATACCAACCCGCGGGG	chr2:60462267	+	60	0	0	0	0	2	71.78
5	TGAACCAGACCACGGCCCGTTGG	chr2:60546247	-	65	1	0	0	0	2	56.03
6	GCATCCAATCCCGTGGAGGTTGG	chr2:60546051	-	60	3	0	0	0	2	54.72
7	ATTCCCGTTTGCTTAAGTGCTGG	chr2:60553222	+	45	0	0	0	0	2	46.08
8	GGATACCAACCCGCGGGGTCAGG	chr2:60462272	+	70	1	0	0	0	2	29.07
9	CTGAAGGGATACCAACCCGCGGG	chr2:60462266	+	60	0	0	0	0	3	57.33
10	ACCATGTCTCGCCGCAAGCAAGG	chr2:60553251	-	60	0	0	0	0	3	53.17
11	TGTTTATCAACGTCATCTAGAGG	chr2:60546000	-	35	1	0	0	0	3	52.46
12	TGCTTGCGGCGAGACATGGTGGG	chr2:60553254	+	60	0	0	0	0	3	48.76
13	GCCTTGCTTGCGGCGAGACATGG	chr2:60553250	+	65	1	0	0	0	4	48.92
14	GTTGGTATCCCTTCAGGACTAGG	chr2:60462259	-	50	1	0	0	0	4	44.96
15	TTCCCGTTTGCTTAAGTGCTGGG	chr2:60553223	+	45	0	0	0	0	4	41.76
16	ATACCAACCCGCGGGGTCAGGGG	chr2:60462274	+	65	1	0	0	1	3	57.36
17	GATGCTTTTTTCATCTCGATTGG	chr2:60546069	+	35	1	0	0	1	3	42.46
18	AAAAGCATCCAATCCCGTGGAGG	chr2:60546055	-	50	2	0	0	2	2	68.12
19	ACGGAAGTCCCCTGACCCCGCGG	chr2:60462282	-	70	2	0	0	0	5	66.67
20	TGGCATCCAGGTCACGCCAGAGG	chr2:60546031	-	65	0	0	0	0	5	62.79
21	TTTTCATCTCGATTGGTGAAGGG	chr2:60546076	+	35	0	0	0	0	5	55.34
22	CGTCATCCTCTGGCGTGACCTGG	chr2:60546025	+	65	1	0	0	0	5	43.84
23	TCCCGTTTGCTTAAGTGCTGGGG	chr2:60553224	+	50	0	0	0	1	4	53.71
24	GAAAAAAGCATCCAATCCCGTGG	chr2:60546058	-	45	1	0	0	0	6	65.37
25	ATCTCGATTGGTGAAGGGGAAGG	chr2:60546081	+	50	0	0	0	2	3	54.69
26	ACCCCAGCACTTAAGCAAACGGG	chr2:60553225	-	50	0	0	0	0	7	50.73
27	GCTCCCAACGGGCCGTGGTCTGG	chr2:60546243	+	75	1	0	0	0	7	41.14
28	CCCCCAATGGGAAGTTCATCTGG	chr2:60546181	+	55	1	0	0	0	7	37.33
29	GATGCCAACCTCCACGGGATTGG	chr2:60546047	+	60	1	0	0	1	6	49.76
30	ACCTGGATGCCAACCTCCACGGG	chr2:60546042	+	60	1	0	0	1	7	55.67
31	TTTTTCATCTCGATTGGTGAAGG	chr2:60546075	+	35	0	0	0	1	7	47.90
32	GCGAGACATGGTGGGCTGCGGGG	chr2:60553262	+	70	0	0	0	0	9	60.72
33	TTTCATCTCGATTGGTGAAGGGG	chr2:60546077	+	40	0	0	0	0	9	59.15
34	GCCCGTTGGGAGCTCCAGAAGGG	chr2:60546233	-	65	0	0	0	2	6	56.78
35	TTGCAAGAGAAACCATGCACTGG	chr2:60462351	+	45	1	0	0	1	8	61.19
36	GGCCCGTTGGGAGCTCCAGAAGG	chr2:60546234	-	70	0	0	0	1	8	48.94
37	GTTGTACATGTGTAGCTGCTGGG	chr2:60462391	+	45	1	0	1	0	8	54.70
38	TCAAGAGGCTCGGCTGTGGTTGG	chr2:60546288	+	60	0	0	0	0	10	46.01
39	TCCCGTGGAGGTTGGCATCCAGG	chr2:60546043	-	65	1	0	0	0	10	43.28
40	AGGAGGTCATGATCCCCTTCTGG	chr2:60546219	+	55	0	0	0	2	7	37.18
41	ATCATGACCTCCTCACCTGTGGG	chr2:60546209	-	50	0	0	0	0	11	56.41
42	GTGCCAGATGAACTTCCCATTGG	chr2:60546184	-	50	0	0	0	2	8	49.40
43	CTGGAGCTCCCAACGGGCCGTGG	chr2:60546238	+	75	1	0	0	0	11	44.39
44	AACAGCCATTCACCAGTGCATGG	chr2:60462363	-	50	1	0	0	1	10	57.50
45	ATCTACTTAGAAAGCGAACACGG	chr2:60462301	-	35	0	0	0	0	12	69.08
46	CGGAAGTCCCCTGACCCCGCGGG	chr2:60462281	-	75	2	0	0	2	9	62.67
47	GGCTTCAAGAGGCTCGGCTGTGG	chr2:60546284	+	65	0	0	0	0	12	51.51
48	TTATTTTTATCGAGCACAAACGG	chr2:60546152	-	25	0	0	0	0	12	39.82
49	CGGCGAGACATGGTGGGCTGCGG	chr2:60553260	+	70	0	0	0	0	12	38.01
50	GAACCAGACCACGGCCCGTTGGG	chr2:60546246	-	65	1	0	0	1	12	41.28
51	CCACAGCTTTTTCTAAGCAGAGG	chr2:60546112	+	45	1	0	0	2	11	55.73
52	TCCCCTTCTGGAGCTCCCAACGG	chr2:60546231	+	60	0	0	0	0	14	48.07
53	CCCCTTCTGGAGCTCCCAACGGG	chr2:60546232	+	65	0	0	0	2	11	43.36
54	ACCTGCTATGTGTTCCTGTTTGG	chr2:60545969	+	45	0	0	0	0	14	20.40
55	TCTGGCACTGCCCACAGGTGAGG	chr2:60546199	+	65	1	0	0	1	14	55.66
56	TTGCTTGCGGCGAGACATGGTGG	chr2:60553253	+	60	0	0	0	1	14	53.79
57	AGTTGTACATGTGTAGCTGCTGG	chr2:60462390	+	45	1	0	1	1	12	39.15
58	GCCAGATGAACTTCCCATTGGGG	chr2:60546182	-	50	1	0	0	0	16	67.23
59	GTTCATCTGGCACTGCCCACAGG	chr2:60546194	+	60	1	0	0	1	15	56.18
60	TCTGTAAGAATGGCTTCAAGAGG	chr2:60546273	+	40	0	0	0	1	16	64.86
61	CACAAACGGAAACAATGCAATGG	chr2:60546138	-	40	0	0	0	1	16	64.14
62	TCGATTGGTGAAGGGGAAGGTGG	chr2:60546084	+	55	0	0	0	1	16	63.03
63	CTGCTATGTGTTCCTGTTTGGGG	chr2:60545971	+	45	0	0	0	1	16	49.45
64	CAACACGCACAGAACACTCATGG	chr2:60462331	-	50	0	0	0	1	17	58.90
65	AAATAAGAATGTCCCCCAATGGG	chr2:60546169	+	35	0	0	0	2	16	55.30
66	AACCCCAGCACTTAAGCAAACGG	chr2:60553226	-	45	0	0	0	1	19	46.28
67	CCTGCTATGTGTTCCTGTTTGGG	chr2:60545970	+	45	0	0	1	1	17	17.36
68	GACCTGGATGCCAACCTCCACGG	chr2:60546041	+	60	1	0	0	3	17	55.41
69	AGTCCCCTGACCCCGCGGGTTGG	chr2:60462277	-	75	1	0	0	10	8	54.33
70	TAGAGGAATTTGCCCCAAACAGG	chr2:60545983	-	45	0	0	0	1	22	46.33
71	TGCCAGATGAACTTCCCATTGGG	chr2:60546183	-	45	1	0	0	0	26	41.75
72	ACAGATGATGAACCAGACCACGG	chr2:60546255	-	45	0	0	0	1	27	73.70
73	GGCGAGACATGGTGGGCTGCGGG	chr2:60553261	+	70	0	0	0	2	26	36.21
74	AGAAACCATGCACTGGTGAATGG	chr2:60462358	+	45	1	0	0	2	27	58.22
75	TTGGTGTTGTATTATTTTGCAGG	chr2:60462424	-	30	0	0	0	1	30	34.33
76	GGCACTGCCCACAGGTGAGGAGG	chr2:60546202	+	70	1	0	0	4	27	54.79
77	GCTGGGGTTTGCCTTGCTTGCGG	chr2:60553240	+	60	1	0	0	1	32	61.58
78	AAAATAAGAATGTCCCCCAATGG	chr2:60546168	+	35	0	0	0	2	39	53.53
79	GACATGGTGGGCTGCGGGGCGGG	chr2:60553266	+	75	0	0	0	3	43	36.34
80	TAGCAGGTAAATGAGAAGCAAGG	chr2:60545954	-	40	0	0	1	2	46	62.53
81	AGACATGGTGGGCTGCGGGGCGG	chr2:60553265	+	70	0	0	0	0	52	43.38
82	GATCATGACCTCCTCACCTGTGG	chr2:60546210	-	55	0	0	0	2	73	58.06
83	ATGGTGGGCTGCGGGGCGGGCGG	chr2:60553269	+	80	0	0	0	3	85	33.05
84	TGGTTCATCATCTGTAAGAATGG	chr2:60546263	+	35	0	0	0	3	95	49.01
85	AAGAATGGCTTCAAGAGGCTCGG	chr2:60546278	+	45	0	0	0	10	190	63.77